{
    "seed": 43365,
    "features": [
        16,
        16,
        16
    ],
    "activation_function": "Tanh",
    "learning_rate": 0.0005,
    "epochs": 800000,
    "steps": 5000,
    "system_equations": {
        "function": "x",
        "domain": [
            -5,
            5
        ],
        "initial_conditions": {
            "x": [
                -5,
                -3.0
            ],
            "y": [
                -5,
                0.0
            ],
            "z": [
                5,
                3.0
            ],
            "w": [
                5,
                0.0
            ]
        },
        "boundary_type": "dirichlet",
        "name": "KolmogorovNonConsecutive"
    },
    "final_losses": {
        "total": 31.290029531350626,
        "dynamics": 0.0008303933754409341,
        "hamiltonian": 0.0008303933754409341,
        "epoch": 799026
    },
    "l2_error": 0.0006037066098635767
}