{
    "seed": 43365,
    "features": [
        16,
        16,
        16
    ],
    "activation_function": "Tanh",
    "learning_rate": 0.001,
    "epochs": 80000,
    "steps": 5000,
    "system_equations": {
        "function": "x",
        "domain": [
            -5,
            5
        ],
        "initial_conditions": {
            "x": [
                -5,
                -3.0
            ],
            "y": [
                -5,
                0.0
            ],
            "z": [
                5,
                3.0
            ],
            "w": [
                5,
                0.0
            ]
        },
        "boundary_type": "dirichlet",
        "name": "KolmogorovNonConsecutive"
    },
    "final_losses": {
        "total": 462.4114533417592,
        "dynamics": 0.08692364700544719,
        "hamiltonian": 0.08692364700544719,
        "epoch": 77927
    },
    "l2_error": 0.15498538680446924
}