{
    "seed": 4235,
    "features": [
        64,
        64,
        64,
        64,
        64
    ],
    "activation_function": "Tanh",
    "learning_rate": 0.0001,
    "epochs": 20000,
    "steps": 10000,
    "system_equations": {
        "function": "x",
        "domain": [
            0,
            10
        ],
        "initial_conditions": {
            "x": [
                0,
                1.5707963267948966
            ],
            "y": [
                0,
                0.0
            ]
        },
        "boundary_type": "pvi",
        "coefficients": {
            "action": 1.0,
            "dynamics": 1.0,
            "hamiltonian": 1.0
        },
        "name": "PendulumChapter2nd"
    },
    "final_losses": {
        "total": 135.78171262731914,
        "dynamics": 0.010941779198811515,
        "hamiltonian": 0.002732066906370675,
        "epoch": 19940
    },
    "l2_error": 0.2855316404080204
}