{
    "seed": 4235,
    "features": [
        64,
        64,
        64,
        64,
        64
    ],
    "activation_function": "Tanh",
    "learning_rate": 0.0001,
    "epochs": 20000,
    "steps": 10000,
    "system_equations": {
        "functions": [
            "x",
            "y"
        ],
        "domain": [
            0,
            10
        ],
        "initial_conditions": {
            "x": [
                0,
                1.5707963267948966
            ],
            "y": [
                0,
                0.0
            ]
        },
        "coefficients": {
            "action": 0.0,
            "dynamics": 0.0,
            "hamiltonian": 1.0
        },
        "name": "PendulumChapter"
    },
    "final_losses": {
        "total": 7.526218620043461e-06,
        "dynamics": 0.9999339499824189,
        "hamiltonian": 7.52621862004346e-10,
        "epoch": 19886
    },
    "l2_error": 1.6328457047417315
}