{
    "seed": 43365,
    "features": [
        16,
        16,
        16
    ],
    "activation_function": "Tanh",
    "learning_rate": 0.0005,
    "epochs": 400000,
    "steps": 2000,
    "system_equations": {
        "function": "x",
        "domain": [
            -0.9999999999,
            0.9999999999
        ],
        "initial_conditions": {
            "x": [
                -10,
                -3.0
            ],
            "y": [
                -10,
                0.0
            ],
            "z": [
                10,
                3.0
            ],
            "w": [
                10,
                0.0
            ]
        },
        "boundary_type": "dirichlet",
        "name": "KolmogorovNonConsecutive"
    },
    "final_losses": {
        "total": 28.289147497220952,
        "dynamics": 0.0021551533865411176,
        "hamiltonian": 0.0021551533865411176,
        "epoch": 399999
    },
    "l2_error": 4.734826795024075
}