{
    "seed": 4235,
    "features": [
        64,
        64,
        64,
        64,
        64
    ],
    "activation_function": "Tanh",
    "learning_rate": 1e-05,
    "epochs": 20000,
    "steps": 10000,
    "system_equations": {
        "functions": [
            "x",
            "y"
        ],
        "domain": [
            0,
            10
        ],
        "initial_conditions": {
            "x": [
                0,
                1.5707963267948966
            ],
            "y": [
                0,
                0.0
            ]
        },
        "coefficients": {
            "action": 1.0,
            "dynamics": 1.0,
            "hamiltonian": 1.0
        },
        "name": "PendulumChapter"
    },
    "final_losses": {
        "total": 220.99680614544644,
        "dynamics": 0.020567358994228825,
        "hamiltonian": 0.0016321040297258929,
        "epoch": 19999
    },
    "l2_error": 0.37512656215476153
}