{
    "seed": 4235,
    "features": [
        64,
        64,
        64,
        64,
        64
    ],
    "activation_function": "Tanh",
    "learning_rate": 0.0001,
    "epochs": 20000,
    "steps": 10000,
    "system_equations": {
        "functions": [
            "x",
            "y"
        ],
        "domain": [
            0,
            10
        ],
        "initial_conditions": {
            "x": [
                0,
                1.5707963267948966
            ],
            "y": [
                0,
                0.0
            ]
        },
        "coefficients": {
            "action": 1.0,
            "dynamics": 1.0,
            "hamiltonian": 1.0
        },
        "name": "PendulumChapter"
    },
    "final_losses": {
        "total": 83.01596887227223,
        "dynamics": 0.008010371084632279,
        "hamiltonian": 0.00037538659425159293,
        "epoch": 19967
    },
    "l2_error": 0.31965841191251465
}